Torrefação,Instagram,Site,Cidade,UF,Endereço Loja Física
Astral Cafés de Especialidade,@astraltorrefacao,https://astraltorrefacao.com.br/,São Paulo,SP,
Blumenau Coffee Roasters,@blumenaucoffeeroasters,https://www.blumenaucoffeeroasters.com.br/,Blumenau,SC,
Café di Preto,@cafedipreto,https://cafedipreto.com.br/,Rio de Janeiro,RJ,
Café Irmãs Pereira,@cafeirmaspereira,https://cafeirmaspereira.com.br/,Carmo de Minas,MG,
Café no Chalé,@cafenochale,https://cafenochale.com.br/,Niterói,RJ,"Rua Silva Jardim, 71, Ponta D'Areia, Centro, Niterói - RJ"
Café Ovelha Negra,@ovelhanegracafes,https://www.ovelha.cafe/,São Paulo,SP,
Café Seleção do Mario,@cafeselecaodomario,https://cafeselecaodomario.com.br/,Venda Nova do Imigrante,ES,
Café Tocaya,@atocaya,https://tocaya.com.br/,Itajubá,MG,
Colheita Café,@colheitacafe,https://colheitacafe.com.br/,Macaé,RJ,"R. Jesus Soares Pereira, 24 - Costa do Sol, Macaé - RJ"
Cupping Café,@cuppingcafe,https://www.cuppingcafe.com.br/,São Paulo,SP,"R. Wisard, 171 - Vila Madalena, São Paulo - SP"
Do Coado Ao Espresso,@docoadoaoespresso,https://docoadoaoespresso.com.br/,Salvador,BA,
Dora Coffee Roaster,@doracoffeeroaster,https://www.doracoffeeroaster.com/,Jundiaí,SP,
dropit,@dropit.brand,https://www.dropitbrand.com/,São Paulo,SP,
Encantos do Café,@encantosdocafeoficial,https://loja.encantosdocafe.com.br/,Nova Lima,MG,"Av. Quinta, 890 - Sala 3 - Vale do Sol, Nova Lima - MG"
Five Roasters,@fiveroasters,https://fiveroasters.com.br/,Rio de Janeiro,RJ,"R. da Quitanda, 86 - quiosque 01 - Centro, Rio de Janeiro - RJ"
Fuzz Cafés,@fuzzcafes,https://www.fuzzcafes.com.br/,Rio de Janeiro,RJ,
Grassy Café,@grassycaffe,https://www.grassycafe.com.br/,Ribeirão Preto,SP,"R. Clemente Ferreira, 945 - Jardim São Luiz, Ribeirão Preto - SP"
Lucca Cafés Especiais,@luccacafesespeciais,https://luccacafesespeciais.com.br/,Curitiba,PR,"Alameda Pres. Taunay, 40 - Batel, Curitiba - PR"
Mokado Lab de Cafés,@mokadocafes,https://www.mokado.com.br/,Brasília,DF,
Muy Café,@muycafe,https://loja.muycafe.com.br/,Brasília,DF,"CLS 307, Bloco C, Loja 29, Asa Sul, Brasília - DF"
Muy Café,@muycafe,https://loja.muycafe.com.br/,Goiânia,GO,"R. C-180, 203 - Nova Suíça, Goiânia - GO"
Ohbruder,@ohbruder,https://loja.ohbruder.com/,Porto Alegre,RS,
Pandora Roasters,@pandoracoffeeroasters,https://pandoraroasters.com.br/,Rio de Janeiro,RJ,"Av. das Américas, 700 - Bloco 8, Loja 105-H, Barra da Tijuca, Rio de Janeiro - RJ"
Primitivo Torrefação,@primitivotorrefacao,https://www.primitivocafes.com.br/,Patrocínio,MG,"R. Cesário Alvim, 244 - Centro, Patrocínio - MG"
ROAST Cafés,@roastcafes,https://roastcafes.com/,Belo Horizonte,MG,
Royalty Café,@royalty.cafe,https://royaltyqualitycoffee.com/,Curitiba,PR,"R. São Francisco, 179 - Centro, Curitiba - PR"
Sirkel Coffee,@sirkelcoffee,https://loja.sirkel.com.br/,Serra Negra,SP,"R. Visc. do Rio Branco, 49 - Centro, Serra Negra - SP"
So Lo Brewing Torrefação,@solo_brewing,https://solobrewing.com.br/,Recife,PE,"Av. Conselheiro Aguiar, 3553 - Boa Viagem, Recife - PE"
Studio Grão,@studiograo.coffee,https://www.studiograo.com.br/,Brasília,DF,"CLSW 301 Bloco B, 01 - Sudoeste | SHLS QD 716 BL C CONJ. N - Asa Sul | BL D - Q SHCN CLQD 413, Loja 23 - Asa Norte"
Terradillo Torrefação de Cafés Especiais,@terradillotorrefacao,https://terradillo.com.br/,Guararema,SP,"R. Admeleto Gasparini, 2680 - Loja 01 - Itaoca, Guararema - SP"
Torra 75,@cafetorra75,https://www.cafetorra75.com/,Franca,SP,"R. Gen. Telles, 372 - Estação, Franca - SP"
Um Coffee & Co,@umcoffeeco,https://umcoffeeco.com.br/,São Paulo,SP,"R. Júlio Conceição, 553 - Bom Retiro, São Paulo - SP | R. Pais Leme, 215 - Pinheiros, São Paulo - SP"
Unique Cafes,@uniquecafes,https://uniquecafes.com.br/,São Lourenço,MG,
Veraz Cafés,@verazcafes,https://www.verazcafes.com.br/,Canoas,RS,
William & Sons Coffee Company,@williamsonscoffee,https://www.williamsonscoffee.com/,Porto Alegre,RS,"Rua Dinarte Ribeiro, 214 - Moinhos de Vento, Porto Alegre - RS | Rua Largo Cláudio Pasqual, 55 - loja 01, Gramado - RS | Rua Pedro Ivo, 492 - Mont'Serrat, Porto Alegre - RS"
